model,accuracy,elapsed_time,num_epochs_to_converge
graphSAGEv1-mean,0.8865064695009242,297.3726823568344,63.4
graphSAGEv1-sum,0.8574861367837338,291.3454922437668,54.5
graphSAGEv1-max,0.868207024029575,295.9483068943024,66.7
