model,dataset,accuracy,elapsed_time,num_epochs_to_converge
GCN V1 (B),cora,0.855083179297597,0.7121874809265136,137.3
GCN V1,cora,0.8861367837338262,0.6818825483322144,69.3
GCN V2 (B),cora,0.8669131238447318,0.7742675542831421,49.0
GCN V2,cora,0.890757855822551,0.7198904991149903,43.3
GCN V1 (B),pubmed,0.8681207202637585,0.8860605716705322,39.3
GCN V1,pubmed,0.8698199340603601,0.7992708444595337,24.5
GCN V2 (B),pubmed,0.8798884098402231,0.9073554277420044,24.4
GCN V2,pubmed,0.8804463606391073,0.8580641984939575,21.1
GCN V1 (B),reddit,0.9430386538750456,230.22464060783386,11.0
GCN V1,reddit,0.9358916575451248,161.58317518234253,35.0
GCN V2 (B),reddit,0.9465799583628443,161.76306557655334,33.0
GCN V2,reddit,0.9482540295752581,161.7117428779602,42.0
