model,data_split,accuracy,elapsed_time,num_epochs_to_converge
GCN V1 (B),original,0.8084999999999999,1.1581953763961792,150.5
GCN V1,original,0.8097,0.9701185464859009,67.9
GCN V1 (B),custom,0.8663585951940851,1.0837977409362793,127.3
GCN V1,custom,0.8615526802218115,1.0596330881118774,90.6
GCN V2 (B),original,0.7729999999999999,1.1872254371643067,84.8
GCN V2,original,0.7784,1.1605027914047241,55.2
GCN V2 (B),custom,0.9060998151571166,1.2288209199905396,51.6
GCN V2,custom,0.8859519408502772,1.1659987211227416,47.8
