model,dataset,accuracy,elapsed_time,num_epochs_to_converge
GCN V1,cora,0.8356746765249538,1.4543290376663207,106.3
GCN V3,cora,0.8408502772643253,1.1969053506851197,103.5
GCN V3 (iSpLib),cora,0.84547134935305,0.9816508769989014,111.0
GCN V1,pubmed,0.8646969312706061,6.180603742599487,45.7
GCN V3,pubmed,0.8640882576718234,3.0147719383239746,40.4
GCN V3 (iSpLib),pubmed,0.8644940400710119,2.6912999868392946,39.5
GCN V1,reddit,0,0,0
GCN V3,reddit,0.931685017062649,593.6465353965759,35.0
GCN V3 (iSpLib),reddit,0.9317923293198549,268.41056990623474,35.0
