model,accuracy,elapsed_time,num_epochs_to_converge
graphSAGEv3-mean,0.8717474004565051,2.455906891822815,29.8
graphSAGEv3-sum,0.8794572660410853,2.282018232345581,13.0
graphSAGEv3-max,0.8724321582551358,3.7699735164642334,17.7
graphSAGEv4-mean,0.8573421252853158,2.4954657554626465,43.9
graphSAGEv4-sum,0.8692619832614762,2.4623038530349732,10.4
graphSAGEv4-max,0.86104488967791,5.030679321289062,19.0
